disease	symbol	net_effect	action_class	action_main	ot_actions	note
ra	TNF	inhibit	inhibit	inhibitor/antibody	BINDING AGENT×1; INHIBITOR×10	
ra	IL6	inhibit	inhibit	antibody (neutralising)	BINDING AGENT×1; INHIBITOR×5	
ra	IL6R	inhibit	inhibit	antagonist antibody	ANTAGONIST×2; INHIBITOR×3	
ra	IL1R1	inhibit	inhibit	antagonist (anakinra)	ANTAGONIST×2	
ra	JAK1	inhibit	inhibit	inhibitor	INHIBITOR×11	
ra	JAK2	inhibit	inhibit	inhibitor	INHIBITOR×9	
ra	JAK3	inhibit	inhibit	inhibitor	INHIBITOR×10	
ra	PTGS2	inhibit	inhibit	inhibitor	INHIBITOR×31	
ra	TNFSF11	inhibit	inhibit	inhibitor antibody (denosumab)	INHIBITOR×1	
ra	CD80	inhibit	inhibit	inhibitor (abatacept, CTLA4-Ig)	INHIBITOR×2	共刺激の遮断
ra	CD86	inhibit	inhibit	inhibitor (abatacept, CTLA4-Ig)	INHIBITOR×2	共刺激の遮断
ra	DHFR	inhibit	inhibit	inhibitor (methotrexate)	INHIBITOR×2	
ra	DHODH	inhibit	inhibit	inhibitor (leflunomide)	INHIBITOR×4	
ra	MS4A1	neither	neither	depleting antibody (rituximab)	BINDING AGENT×5	働きを変えるのではなく、発現している B 細胞を除去する
ra	NR3C1	activate	activate	agonist (glucocorticoid)	AGONIST×15; MODULATOR×2	
scz	DRD2	inhibit	inhibit	antagonist	AGONIST×2; ANTAGONIST×47; INHIBITOR×1; INVERSE AGONIST×3; MODULATOR×2; PARTIAL AGONIST×6	部分作動薬（aripiprazole）もあるが、拮抗薬が大多数
scz	DRD1	inhibit	inhibit	antagonist (weak evidence)	AGONIST×1; ANTAGONIST×1	OT は作動薬1・拮抗薬1で証拠が少ない。抗精神病薬の D1 遮断を採る
scz	DRD3	inhibit	inhibit	antagonist	AGONIST×3; ANTAGONIST×15; INVERSE AGONIST×3; MODULATOR×2	
scz	HTR2A	inhibit	inhibit	antagonist/inverse agonist	ANTAGONIST×41; INVERSE AGONIST×2	
scz	HTR2C	inhibit	inhibit	antagonist	AGONIST×1; ANTAGONIST×16	作動薬（vabicaserin）の試験が1つある
scz	HTR7	inhibit	inhibit	antagonist	ANTAGONIST×1	
scz	HTR1A	activate	activate	agonist/partial agonist	AGONIST×3; ANTAGONIST×1; PARTIAL AGONIST×5	
scz	CHRM1	activate	activate	agonist (xanomeline)	AGONIST×1; ANTAGONIST×2	拮抗薬（benztropine 等）は錐体外路症状の副作用対策で、病気そのものの治療ではない
scz	CHRM4	activate	activate	agonist (xanomeline)	AGONIST×1	
prostate_cancer	AR	inhibit	inhibit	antagonist	AGONIST×4; ANTAGONIST×13; MODULATOR×2	testosterone の試験（高用量療法）は少数
prostate_cancer	CYP17A1	inhibit	inhibit	inhibitor	INHIBITOR×5	
prostate_cancer	GNRHR	inhibit	both	agonist and antagonist	AGONIST×13; ANTAGONIST×6	作動薬（leuprolide 等）も持続投与で受容体を脱感作させ、正味はテストステロン産生の抑制
prostate_cancer	PARP1	inhibit	inhibit	inhibitor	INHIBITOR×8	
prostate_cancer	PARP2	inhibit	inhibit	inhibitor	INHIBITOR×8	
prostate_cancer	TNFSF11	inhibit	inhibit	inhibitor antibody (denosumab)	INHIBITOR×1	骨転移
prostate_cancer	FOLH1	neither	neither	radioligand/binding agent	BINDING AGENT×5; OTHER×1	働きを変えるのではなく、目印として薬を届ける
achondroplasia	FGFR3	inhibit	inhibit	inhibitor	INHIBITOR×1	
achondroplasia	NPR2	activate	activate	agonist (vosoritide, CNP analogue)	BINDING AGENT×1	OT の作用型は BINDING AGENT
achondroplasia	GH1	activate	activate	replacement (somatropin)		OT に登録なし。成長ホルモンそのものの補充
achondroplasia	GHR	activate	activate	agonist (somatropin)	AGONIST×2	
cystinuria	SLC3A1	neither	neither	none (no drug acts on it)		治療はシスチンの溶解（チオール製剤・尿のアルカリ化）で、輸送体を動かす薬はない
cystinuria	SLC7A9	neither	neither	none (no drug acts on it)		同上
